Timestamp,"
What age range are you in?",Was your holiday ,What was the main purpose of your Holiday,How did you book your holiday,How recent was this holiday,How would you describe your holiday type,How many people were in your travel group?,Approximately how much did your accommodation cost per room per night (€)?,How many nights did your holiday last?,"Overall Holiday Cost - Approximate total spend for all travellers (€), including  cost of holiday + daily spending.",How satisfied were you with your holiday overall?,Would You Take This Type of Holiday Again?,Did You Travel by Air?,How many holidays have you taken in the last 12 months?
25/09/2026 12:25,65+,A Holiday abroad (outside Ireland),"To attend an event (concert, Football match etc)",Independently Booked online,Greater than 3 months ago but within the last 6 months,A holiday with friends,6,100,3,800,5,Yes,Yes,2
25/09/2026 12:25,55-64,A Holiday abroad (outside Ireland),Beach Holiday abroad,A package holiday,In last 3 months,A family holiday,2,150,5,3000,3,Yes,Yes,3
25/09/2026 12:27,65+,A Holiday abroad (outside Ireland),Beach Holiday abroad,Independently Booked online,In last 3 months,A family holiday,4,70,28,4800,5,Yes,No,4
25/09/2026 12:29,65+,A Holiday abroad (outside Ireland),City Break,Independently Booked online,Greater than 3 months ago but within the last 6 months,A holiday with friends,6,50,3,500,5,Yes,Yes,2
25/09/2026 12:32,25-34,A Holiday abroad (outside Ireland),Other,Independently Booked online,Greater than 3 months ago but within the last 6 months,A holiday with friends,3,115,6,3000,5,Yes,Yes,3
25/09/2026 12:34,35-44,A Holiday abroad (outside Ireland),Beach Holiday abroad,Independently Booked online,In last 3 months,A family holiday,5,60,14,5000,5,Yes,Yes,1
25/09/2026 12:34,45-54,A Holiday abroad (outside Ireland),"To attend an event (concert, Football match etc)",Independently Booked online,Greater than 3 months ago but within the last 6 months,A holiday with friends,6,53,3,600,5,Yes,Yes,4
25/09/2026 12:35,55-64,A Holiday abroad (outside Ireland),City Break,Independently Booked online,In last 3 months,A holiday with friends,4,150,7,1450,4,Yes,Yes,1
25/09/2026 12:36,45-54,A Holiday abroad (outside Ireland),Beach Holiday abroad,Independently Booked online,In last 3 months,A family holiday,2,110,7,2000,5,Yes,Yes,4
25/09/2026 12:43,45-54,A Holiday abroad (outside Ireland),Beach Holiday abroad,Independently Booked online,Between 6 and 12 Months ago,A family holiday,4,150,11,5000,5,Yes,Yes,2
25/09/2026 12:45,45-54,A Holiday abroad (outside Ireland),Beach Holiday abroad,Independently Booked online,Greater than 3 months ago but within the last 6 months,A family holiday,2,100,7,1500,4,Yes,Yes,3
25/09/2026 12:49,55-64,A Holiday abroad (outside Ireland),Beach Holiday abroad,A package holiday,Greater than 3 months ago but within the last 6 months,A family holiday,2,150,7,1050,4,Yes,Yes,1
25/09/2026 12:50,45-54,A Holiday abroad (outside Ireland),Beach Holiday abroad,Independently Booked online,Between 6 and 12 Months ago,A family holiday,4,150,11,5000,4,Yes,Yes,1
25/09/2026 12:50,65+,A Holiday abroad (outside Ireland),Beach Holiday abroad,A package holiday,Greater than 3 months ago but within the last 6 months,A family holiday,2,300,10,3000,4,Yes,Yes,3
25/09/2026 12:51,35-44,A Holiday abroad (outside Ireland),Other,Independently Booked online,In last 3 months,A holiday with friends,4,10,23,3000,5,Yes,Yes,3
25/09/2026 12:51,35-44,A Holiday abroad (outside Ireland),City Break,A package holiday,In last 3 months,A holiday with friends,2,300,7,6000,5,Yes,Yes,4
25/09/2026 12:52,25-34,A Holiday abroad (outside Ireland),To visit family / Friends,Independently Booked online,Between 6 and 12 Months ago,A family holiday,2,50,28,2000,5,Yes,Yes,2
25/09/2026 12:53,25-34,A Holiday abroad (outside Ireland),Beach Holiday abroad,A package holiday,Between 6 and 12 Months ago,A family holiday,4,145,7,1000,5,Yes,Yes,2
25/09/2026 12:53,35-44,A Staycation in Ireland,To visit family / Friends,Independently Booked online,More than 1 year ago,A holiday with friends,5,100,4,600,3,No,Yes,1
25/09/2026 12:56,25-34,A Holiday abroad (outside Ireland),"To attend an event (concert, Football match etc)",Independently Booked online,In last 3 months,A holiday with friends,2,120,3,700,4,Yes,Yes,2
25/09/2026 12:57,55-64,A Holiday abroad (outside Ireland),City Break,Independently Booked online,In last 3 months,A family holiday,2,110,7,2200,5,Yes,Yes,3
25/09/2026 13:00,55-64,A Holiday abroad (outside Ireland),Beach Holiday abroad,A package holiday,In last 3 months,A holiday with friends,2,60,10,3500,4,Yes,Yes,3
25/09/2026 13:04,55-64,A Holiday abroad (outside Ireland),Beach Holiday abroad,Independently Booked online,Greater than 3 months ago but within the last 6 months,A family holiday,5,128,9,5000,5,Yes,Yes,1
25/09/2026 13:06,45-54,A Holiday abroad (outside Ireland),Beach Holiday abroad,A package holiday,In last 3 months,A family holiday,4,100,7,3000,4,Yes,Yes,2
25/09/2026 13:07,25-34,A Holiday abroad (outside Ireland),To visit family / Friends,Independently Booked online,Greater than 3 months ago but within the last 6 months,A family holiday,2,120,5,1500,4,Yes,Yes,3
25/09/2026 13:07,25-34,A Holiday abroad (outside Ireland),Beach Holiday abroad,Independently Booked online,In last 3 months,A holiday with friends,2,150,5,1500,5,Yes,Yes,2
25/09/2026 13:09,45-54,A Holiday abroad (outside Ireland),Beach Holiday abroad,A package holiday,In last 3 months,A family holiday,3,4000,5,6000,5,Yes,Yes,2
25/09/2026 13:09,35-44,A Holiday abroad (outside Ireland),Beach Holiday abroad,A package holiday,Between 6 and 12 Months ago,A family holiday,2,170,10,4500,5,Yes,Yes,1
25/09/2026 13:14,25-34,A Holiday abroad (outside Ireland),To visit family / Friends,Independently Booked online,Greater than 3 months ago but within the last 6 months,A holiday with friends,2,30,5,600,5,Yes,Yes,2
25/09/2026 13:17,45-54,A Holiday abroad (outside Ireland),Beach Holiday abroad,A package holiday,Between 6 and 12 Months ago,A holiday with friends,4,100,5,2500,5,Yes,Yes,2
25/09/2026 13:22,25-34,A Holiday abroad (outside Ireland),Beach Holiday abroad,Independently Booked online,In last 3 months,A family holiday,9,100,4,5000,5,Yes,Yes,2
25/09/2026 13:25,35-44,A Holiday abroad (outside Ireland),Beach Holiday abroad,Independently Booked online,In last 3 months,A family holiday,4,200,6,3000,4,Yes,Yes,1
25/09/2026 13:33,25-34,A Holiday abroad (outside Ireland),Beach Holiday abroad,Independently Booked online,In last 3 months,A family holiday,2,150,8,2000,4,Yes,Yes,3
25/09/2026 13:38,35-44,A Holiday abroad (outside Ireland),"To attend an event (concert, Football match etc)",A package holiday,In last 3 months,A holiday with friends,6,150,3,2500,5,Yes,Yes,4
25/09/2026 13:39,65+,A Holiday abroad (outside Ireland),Beach Holiday abroad,Independently Booked online,Greater than 3 months ago but within the last 6 months,A family holiday,2,100,7,2000,4,Yes,Yes,2
25/09/2026 13:48,55-64,A Holiday abroad (outside Ireland),Beach Holiday abroad,Independently Booked online,In last 3 months,A holiday with friends,4,80,4,1500,3,Yes,Yes,4
25/09/2026 14:09,25-34,A Holiday abroad (outside Ireland),Beach Holiday abroad,Independently Booked online,In last 3 months,A holiday with friends,4,22,4,400,4,Yes,Yes,5
25/09/2026 14:18,45-54,A Holiday abroad (outside Ireland),City Break,A package holiday,Between 6 and 12 Months ago,A family holiday,2,1000,5,1000,4,Yes,Yes,2
25/09/2026 14:45,55-64,A Holiday abroad (outside Ireland),Beach Holiday abroad,A package holiday,Greater than 3 months ago but within the last 6 months,A family holiday,2,50,7,3000,4,Yes,Yes,3
25/09/2026 15:18,55-64,A Staycation in Ireland,Other,Independently Booked online,In last 3 months,A family holiday,3,300,3,2000,4,Yes,No,3
25/09/2026 15:19,35-44,A Staycation in Ireland,Other,Independently Booked online,In last 3 months,A family holiday,3,250,4,1800,3,Yes,No,5
25/09/2026 15:51,25-34,A Holiday abroad (outside Ireland),City Break,Independently Booked online,In last 3 months,A family holiday,2,130,4,800,5,Yes,Yes,2
25/09/2026 16:14,25-34,A Holiday abroad (outside Ireland),Other,Independently Booked online,Between 6 and 12 Months ago,A family holiday,2,80,4,500,5,Yes,Yes,1
25/09/2026 16:23,35-44,A Holiday abroad (outside Ireland),City Break,Independently Booked online,In last 3 months,Solo holiday,1,190,2,700,5,Yes,Yes,5
25/09/2026 17:12,35-44,A Holiday abroad (outside Ireland),City Break,Independently Booked online,In last 3 months,A holiday with friends,5,100,7,200,3,No,Yes,3
25/09/2026 17:30,45-54,A Holiday abroad (outside Ireland),Other,Independently Booked online,In last 3 months,A family holiday,7,200,7,4000,4,Yes,Yes,3
25/09/2026 17:31,45-54,A Holiday abroad (outside Ireland),To visit family / Friends,Independently Booked online,In last 3 months,A family holiday,3,60,7,5000,4,No,Yes,2
25/09/2026 17:49,35-44,A Holiday abroad (outside Ireland),Beach Holiday abroad,Independently Booked online,In last 3 months,A family holiday,10,50,15,800,5,Yes,Yes,2
